lang,variant,id,f0_ref_mean,f0_syn_mean,F1_ref,F1_syn,jitter_ref,jitter_syn,prec_ASR,rec_ASR,f1_ASR,pesq
en,original,en_krishna_001,130.0152201991487,127.28767844117463,511.22566637623044,588.8073655992006,0.027119396059852953,0.02360650946096351,0.0,1.0,0.0,1.023250937461853
en,original,en_krishna_002,137.3587478605036,120.99401543751215,526.4686427787362,556.71501800284,0.030604899820627706,0.024845868670365815,0.0,0.0,0.0,1.0455036163330078
en,original,en_krishna_003,137.98638114411776,119.2969852901998,533.0937409393122,600.2070760146302,0.037621467953278004,0.040862620783128974,0.0,0.0,0.0,1.0358392000198364
en,original,en_krishna_004,127.85485646709286,132.5420946973844,563.3712670244288,788.0081232998012,0.04412936929059398,0.04169247350782781,1.0,1.0,1.0,1.0416628122329712
en,original,en_krishna_005,126.34138229921462,119.70861979449225,534.9461458153238,663.1826877035206,0.03734334229800612,0.030516178901624297,1.0,1.0,1.0,1.03695809841156
en,original,en_krishna_006,134.20818072648194,114.63605038893688,542.3555580531537,707.6231406526864,0.029850057397832395,0.0316978029527839,1.0,1.0,1.0,1.0292942523956299
en,original,en_krishna_007,137.30171902239968,136.25625846824593,542.1000092987916,686.5279005470546,0.034405800134764714,0.038574659752909135,0.0,1.0,0.0,1.0296090841293335
en,original,en_krishna_008,130.3021188920137,139.88590006439046,555.2225542863085,823.9948608381583,0.03285418236940097,0.03398829411083571,0.0,1.0,0.0,1.0350353717803955
en,original,en_krishna_009,134.6469772192394,133.15407121109433,553.4490522906723,656.6890463885018,0.03490839453909301,0.029767190043765067,0.0,1.0,0.0,1.0489493608474731
en,original,en_krishna_010,130.05514332580648,116.73530736733963,637.3769828513222,625.2716113083328,0.02771057168545696,0.048632894315455776,0.0,1.0,0.0,1.0339834690093994
en,original,en_krishna_011,138.77734991205466,121.42677097696415,590.6857617944623,598.8843386111789,0.03087578463545893,0.018085372828455227,0.0,1.0,0.0,1.056563138961792
en,original,en_krishna_012,130.72527455643637,126.0455147851195,554.8022198642471,707.5245246720242,0.031667220879889796,0.02398938255351594,0.0,1.0,0.0,1.0944594144821167
en,original,en_krishna_013,135.92602728937882,142.40649150952197,733.6896717617335,740.5633724249958,0.04629819660136757,0.03677124055196149,1.0,1.0,1.0,1.0423723459243774
en,original,en_krishna_014,131.88086512157534,112.52038597603038,534.089301944979,784.7004617463142,0.032849087420324774,0.030031384616938238,0.0,0.0,0.0,1.0398024320602417
en,original,en_krishna_015,133.4974875585699,125.11043501917023,517.1443048860646,602.4303977824765,0.034892013214846224,0.030390799945526667,0.0,1.0,0.0,1.0302190780639648
en,original,en_krishna_016,131.06090289794963,124.01084002628438,578.7873567399972,623.7636510274424,0.02969153330661871,0.029828524719836585,1.0,1.0,1.0,1.0304404497146606
en,original,en_krishna_017,127.66963634384093,120.16690063056642,563.0141436379303,677.7183458582432,0.026450492160987625,0.028481833963365698,1.0,1.0,1.0,1.0645440816879272
en,original,en_krishna_018,126.77136430855755,140.70364308035602,591.0439451989179,747.4694561362946,0.039635315266162256,0.04056556376746867,0.0,1.0,0.0,1.0430397987365723
en,original,en_krishna_019,124.56631568483371,106.88477860260652,676.3938146771492,826.7683844936754,0.027760033024176,0.044214813058340796,0.0,1.0,0.0,1.0564793348312378
en,original,en_krishna_020,124.65072428036801,105.12108736985385,668.446851647775,725.2256541613071,0.034877344613002445,0.04127925517090543,0.0,1.0,0.0,1.0313936471939087
en,original,en_krishna_021,127.62356554522522,123.67070084627677,525.3005510705012,655.5633466007732,0.028858688178491257,0.027076607998564036,0.0,1.0,0.0,1.1042169332504272
en,original,en_krishna_022,130.26684289883752,131.40285091235697,561.9989003504437,865.4301277349113,0.02028415693397087,0.022765027930005885,0.0,1.0,0.0,1.0978583097457886
en,original,en_krishna_023,122.46771640246666,113.36575277941635,585.4415989749198,719.1349733855022,0.038659986618804425,0.02887111270825961,1.0,1.0,1.0,1.0364325046539307
en,original,en_krishna_024,126.73916531316915,120.01382734354091,606.4331891390533,695.7626728493095,0.04464785362254975,0.03606458974707988,0.0,1.0,0.0,1.0399070978164673
en,original,en_krishna_025,127.72101399181373,130.87545276052242,654.4608259675626,796.1966004863319,0.03935695215975593,0.03698556960487048,1.0,1.0,1.0,1.0527772903442383
en,original,en_krishna_026,134.6788156753646,131.95217387766223,647.3150829600278,723.335148550608,0.02830925199914828,0.018668789863669103,1.0,1.0,1.0,1.0300213098526
en,original,en_krishna_027,134.49494536513052,133.98675072909768,673.1184216639158,709.2550015793585,0.024051932789473766,0.026131404543394597,1.0,1.0,1.0,1.0354195833206177
en,original,en_krishna_028,132.14722190550395,126.6182011324409,762.4887246621686,584.1781838210958,0.03763450353334598,0.021156581604385674,0.0,1.0,0.0,1.0313538312911987
en,original,en_krishna_029,127.45942215240579,134.3804055755297,587.5807312089328,836.3872962167206,0.03295912320488338,0.021732962629063757,1.0,1.0,1.0,1.0254863500595093
en,original,en_krishna_030,132.9562396395693,127.6601925121739,662.2239654561118,634.4868577710646,0.0415920739183034,0.023866152395671372,1.0,1.0,1.0,1.0254021883010864
en,original,en_krishna_031,133.96332586662623,122.79453835494088,669.3763432760961,663.1812808271077,0.0336626148308788,0.02041448057223778,0.0,1.0,0.0,1.0353237390518188
en,original,en_krishna_032,138.59160728101224,123.85103877447823,616.4879905219311,710.5310090769719,0.035918093720577554,0.028861625940078912,0.0,1.0,0.0,1.028380036354065
en,original,en_krishna_033,138.50659602154676,117.28828824041894,571.9853651673386,774.4271479348401,0.024948563635908253,0.028117108319044085,1.0,1.0,1.0,1.046135663986206
en,original,en_krishna_034,133.36969579966512,115.51247550248543,1141.1512237786876,986.769897548432,0.03587333842692235,0.023772120005840516,1.0,1.0,1.0,1.0414742231369019
en,original,en_krishna_035,137.15859044478975,120.29795346741177,774.5346749631992,791.7454138913201,0.03294478647341841,0.02626118587378412,0.0,1.0,0.0,1.0328900814056396
en,original,en_krishna_036,132.23840329064512,140.66465905481746,778.4516527981542,928.2958060567088,0.0527078653315069,0.04036197355928038,0.0,1.0,0.0,1.0368895530700684
en,original,en_krishna_037,124.67919853028451,110.04978530424579,861.6562236739366,1009.8520329962664,0.062462309570579695,0.06334553011242365,1.0,1.0,1.0,1.039575457572937
en,original,en_krishna_038,124.07691496447836,111.8448162390404,624.0220465734787,916.4192413127553,0.04642587947599932,0.03526145709134545,1.0,1.0,1.0,1.0283770561218262
en,original,en_krishna_039,130.31837311698436,130.9299788570488,616.7973165348454,731.2907585802333,0.038410309305472186,0.01929481025165932,0.0,1.0,0.0,1.034010887145996
en,original,en_krishna_040,135.00983675869415,258.7815653721424,557.267382504233,956.4646373062983,0.039701446859989505,0.015754818834802134,0.0,1.0,0.0,1.1697752475738525
en,original,en_krishna_041,131.9208090707028,138.7628915746122,776.8932559076018,775.0221385689914,0.05130005593873884,0.034208059971142964,0.0,1.0,0.0,1.0313220024108887
en,original,en_krishna_042,132.51151542514575,129.97628627232197,599.3437607589551,683.2586031741157,0.036594898772046185,0.020108823660677955,0.0,1.0,0.0,1.077046513557434
en,original,en_krishna_043,132.71575035654206,137.41851827979107,660.5955387634457,727.8262368373995,0.04027921424171838,0.03302145058795846,0.0,0.0,0.0,1.0362963676452637
en,original,en_krishna_044,136.25536343241262,136.4178622367458,624.7622009263026,620.9496333465053,0.03752949602316327,0.02953809077854681,1.0,1.0,1.0,1.0542426109313965
en,original,en_krishna_045,121.79650115985095,104.8124891079795,696.3726157377897,866.4658916335424,0.04093924516795834,0.039692788125748245,0.0,1.0,0.0,1.0900444984436035
en,original,en_krishna_046,141.32113264681237,123.58908473902426,658.7278686515164,643.86276199617,0.029443446498932452,0.025539987850336822,0.0,1.0,0.0,1.0481873750686646
en,original,en_krishna_048,135.45275222193527,133.6027221833693,633.8215263825423,641.6801138008943,0.039205182614552164,0.025555306374624085,0.0,1.0,0.0,1.068142294883728
en,original,en_krishna_049,139.0517643919016,132.17197377266152,691.8809323580577,616.8858890341136,0.03976701566534456,0.027415899771802095,0.0,1.0,0.0,1.0718291997909546
en,original,en_krishna_050,134.68443401533375,129.82680317762387,657.9626334772249,702.3636349070872,0.039746769008902984,0.025858143499049992,1.0,1.0,1.0,1.0414379835128784
en,original,en_krishna_051,140.2515713699332,141.3847282274276,686.2626858649539,757.9961104286123,0.03222323661904925,0.028822307754487866,1.0,0.0,0.0,1.0832479000091553
en,original,en_krishna_052,144.61149669738347,127.79659923328352,500.8285141477925,884.1383649810083,0.037036195862893175,0.029668653393067394,1.0,1.0,1.0,1.0362290143966675
en,original,en_krishna_053,146.9846358401178,130.7189859899329,619.5033067155099,746.7604476129679,0.032524885072472594,0.02192451822885193,1.0,1.0,1.0,1.0367075204849243
en,original,en_krishna_054,134.8096220488041,139.74991462859197,697.312611055947,786.6267189958296,0.04299416636510959,0.02403817219346606,0.0,1.0,0.0,1.0572232007980347
en,original,en_krishna_055,142.02203965089342,128.10955303247223,602.6405208040361,740.362006123373,0.04071330316703691,0.03523847597682137,1.0,1.0,1.0,1.0254157781600952
en,original,en_krishna_056,134.7246472362219,117.80657068150664,630.9106091054672,809.033023624674,0.03378778108125299,0.05955202144658432,0.0,1.0,0.0,1.0428999662399292
en,original,en_krishna_057,140.51098167415236,130.97349009581592,559.1269591985061,718.4730503289508,0.026582449563058427,0.0198086496333875,1.0,0.0,0.0,1.0342075824737549
en,original,en_krishna_058,131.55119531259086,133.32043988769217,572.0385360107183,702.2783942964888,0.036444050623498855,0.024602342653858116,0.0,1.0,0.0,1.0278319120407104
en,original,en_krishna_059,144.29459751942048,144.99552059419392,712.6804018822828,628.1573756970866,0.03735811667359938,0.023077458732716893,0.0,1.0,0.0,1.0874357223510742
en,original,en_krishna_060,138.95521964835035,122.88949358653844,622.0620578216613,722.5983721236887,0.03093698526483132,0.022989498561849748,1.0,0.0,0.0,1.0344159603118896
en,original,en_krishna_061,133.819791157994,140.38945007529782,672.0317796319317,777.8797302783598,0.035173249216197196,0.023606134199537197,0.0,1.0,0.0,1.0207802057266235
en,original,en_krishna_062,125.07888644265714,116.3094398785527,668.2780906355629,754.465581133152,0.028845430527349798,0.04571190771556719,0.0,1.0,0.0,1.052682876586914
en,original,en_krishna_063,138.36852239159083,127.40299227745695,623.6300462767051,780.897004983479,0.03763183429601761,0.029074585435598828,0.0,1.0,0.0,1.0255569219589233
en,original,en_krishna_064,138.10395920063613,134.18421566659603,562.2520461080629,649.5714096898134,0.03394944522748332,0.02743303614785817,0.0,1.0,0.0,1.0388625860214233
en,original,en_krishna_065,138.21707487713223,131.19615990088388,527.8181149495841,603.0603469980183,0.02938915927757411,0.02480134713934729,0.0,1.0,0.0,1.033065915107727
en,original,en_krishna_066,146.87799243305253,141.4995869626329,705.5127158149584,883.5051015725996,0.046274903231019626,0.02895087781514421,0.0,1.0,0.0,1.1258682012557983
en,original,en_krishna_067,145.2737233511015,132.2912948632909,602.6907525177986,704.7101796389838,0.035198271654619605,0.020596327718519828,0.0,1.0,0.0,1.094672441482544
en,original,en_krishna_068,141.12564447884284,133.85896308069766,593.1817056710864,671.2833944437933,0.038026493177691786,0.023388601510778557,1.0,1.0,1.0,1.0244441032409668
en,original,en_krishna_069,135.3428474743683,123.9946799234078,659.445722308051,643.9667250321149,0.04006276955217299,0.02198770933487192,1.0,0.0,0.0,1.0312414169311523
en,original,en_krishna_070,139.87125052650597,128.31449857033854,611.9982276473947,629.1161202106803,0.03369311183391103,0.02484681592738884,1.0,1.0,1.0,1.0566085577011108
en,original,en_krishna_071,143.44434849409836,123.92916779769128,597.0154062243,651.7249986939305,0.03171282951460631,0.018859258517880288,1.0,0.0,0.0,1.067577600479126
en,original,en_krishna_072,136.56401573139655,126.50676786865624,594.8695147502186,755.941149055729,0.02536258658196449,0.04115855823851209,0.0,1.0,0.0,1.0399935245513916
en,original,en_krishna_073,132.8803681930277,123.41050688448065,509.20908677466497,622.6047785858734,0.025886679823719047,0.01965875303421508,0.0,1.0,0.0,1.0346065759658813
en,original,en_krishna_074,134.36624315513822,112.24928009826068,673.1309997167973,665.2921486574646,0.041565833152670185,0.029698011749021223,1.0,1.0,1.0,1.032796859741211
en,original,en_krishna_076,122.5342551535309,93.43318994210786,679.8763382640881,669.481807173745,0.03988697672402855,0.025965154764288817,1.0,1.0,1.0,1.0377514362335205
en,original,en_krishna_077,136.01330094813255,131.16780979418243,634.6876413214267,830.6182410986738,0.03560857281126064,0.034310240617046864,1.0,1.0,1.0,1.0242406129837036
en,original,en_krishna_078,131.38707189625893,134.15066832687876,560.812796310599,603.7388338433638,0.033116970891297524,0.026173246646115565,0.0,1.0,0.0,1.0303198099136353
en,original,en_krishna_079,141.57013307394985,143.5664994623721,604.3700324001329,756.3258670872927,0.02444533902055208,0.027878642011821712,0.0,1.0,0.0,1.0341436862945557
en,original,en_krishna_081,132.4800456151126,133.91204707101835,660.0285836100214,660.531869576344,0.02406583380413767,0.030495501757866653,1.0,1.0,1.0,1.0518102645874023
en,original,en_krishna_082,134.88553700956865,121.85764383417218,593.3360784433901,799.082604543644,0.03709399737583852,0.02419040839817637,0.0,0.0,0.0,1.030713438987732
en,original,en_krishna_083,133.9887298928844,120.3041773002377,528.8858788723805,698.8741066648955,0.025889758143222225,0.03352055281146228,0.0,1.0,0.0,1.022397518157959
en,original,en_krishna_084,139.27609593734044,131.81529829666195,539.4780770555095,761.0300970688758,0.03584074728781797,0.025015132615484867,1.0,0.0,0.0,1.0459293127059937
en,original,en_krishna_085,139.06340652549662,116.04012125229089,573.6529398649013,712.9278602520895,0.038366897167208404,0.03704451449992789,1.0,1.0,1.0,1.0393999814987183
en,original,en_krishna_086,129.83581339245424,116.13075195087518,587.6191793539817,637.5042883109663,0.039859259487321476,0.03013703047994853,0.0,0.0,0.0,1.0983500480651855
en,original,en_krishna_087,124.24852730492263,121.93800278151768,642.4887376852673,735.4006016055508,0.03574115315285091,0.03140642592748714,1.0,1.0,1.0,1.0426071882247925
en,original,en_krishna_088,128.91623710593709,127.67374818103298,566.1572604683124,746.0162263442571,0.0333365569592166,0.024646608065523115,0.0,1.0,0.0,1.0412213802337646
en,original,en_krishna_089,131.36283495539647,131.88555312956683,678.6457382112359,715.032628923507,0.04485387232799003,0.03766597571454918,1.0,1.0,1.0,1.0543837547302246
en,original,en_krishna_090,134.3093585293949,123.70480037696333,566.390941157196,614.6761392514159,0.0357758887069282,0.026648316726288906,0.0,1.0,0.0,1.048264980316162
en,original,en_krishna_091,141.32268715347928,132.95922974601902,521.1346547235777,600.5380435391656,0.0416011171294455,0.025860018035580766,1.0,1.0,1.0,1.0328669548034668
en,original,en_krishna_092,142.11123984357874,130.6957229329506,561.9994836717484,583.2379259459266,0.0389115254413316,0.030407289276440812,0.0,1.0,0.0,1.2479279041290283
en,original,en_krishna_093,132.1135749702822,120.2775697955825,512.5497094094936,618.6334958259971,0.0300663977226798,0.025602257983556087,0.0,1.0,0.0,1.164567470550537
en,original,en_krishna_094,133.50704292173506,138.62833064605005,539.4015445983778,665.9976758018487,0.029924678904589934,0.022867341432078386,0.0,1.0,0.0,1.0324641466140747
en,original,en_krishna_095,133.7746110310132,135.33876797314025,512.7195802528703,698.1398656640005,0.03533297965817017,0.03137101375961514,0.0,1.0,0.0,1.0281764268875122
en,original,en_krishna_096,127.67594132090079,119.86029352592162,552.279461981822,676.2040160927635,0.03056498691890327,0.029472244410629254,0.0,1.0,0.0,1.0413984060287476
en,original,en_krishna_097,132.59091224317615,142.9543094773523,481.36662892591096,633.7392263179438,0.03615414773340959,0.02692223182466795,0.0,0.0,0.0,1.0357977151870728
en,original,en_krishna_098,129.26647975731456,129.0188201229526,537.4970028554991,657.3748100684817,0.03535990792866624,0.025765215896875974,0.0,0.0,0.0,1.0273972749710083
en,original,en_krishna_099,132.7992151979423,124.16145684676331,622.4913719440193,770.1206004731896,0.04306240145044284,0.03165871060370197,0.0,0.0,0.0,1.0354063510894775
en,pure,en_krishna_001,130.0152201991487,139.42983908331223,511.22566637623044,590.3121074576004,0.027119396059852953,0.032498537752170105,0.0,1.0,0.0,1.0475919246673584
en,pure,en_krishna_002,137.3587478605036,111.19651046367751,526.4686427787362,620.6507693051724,0.030604899820627706,0.050627206202652146,1.0,0.0,0.0,1.0291950702667236
en,pure,en_krishna_003,137.98638114411776,130.66130965168085,533.0937409393122,494.4358415445543,0.037621467953278004,0.03574956666363291,0.0,0.0,0.0,1.1819376945495605
en,pure,en_krishna_004,127.85485646709286,139.23212201316275,563.3712670244288,653.8220767230633,0.04412936929059398,0.0224535957347076,0.0,1.0,0.0,1.0244404077529907
en,pure,en_krishna_005,126.34138229921462,144.10219068201948,534.9461458153238,522.7298061912691,0.03734334229800612,0.03069170403295087,0.0,1.0,0.0,1.1277294158935547
en,pure,en_krishna_006,134.20818072648194,131.8749834169011,542.3555580531537,583.380023810294,0.029850057397832395,0.021315446305488636,0.0,1.0,0.0,1.023854374885559
en,pure,en_krishna_007,137.30171902239968,135.54203539244793,542.1000092987916,655.4868185650914,0.034405800134764714,0.04854135417865986,0.0,1.0,0.0,1.0379377603530884
en,pure,en_krishna_008,130.3021188920137,132.79199328446285,555.2225542863085,644.8931536536181,0.03285418236940097,0.02740650298989334,0.0,1.0,0.0,1.0266133546829224
en,pure,en_krishna_009,134.6469772192394,140.22411113943667,553.4490522906723,652.4088790013752,0.03490839453909301,0.06272432959387597,0.0,1.0,0.0,1.0428779125213623
en,pure,en_krishna_010,130.05514332580648,140.05387303807333,637.3769828513222,675.1491017182228,0.02771057168545696,0.029161550027016515,0.0,1.0,0.0,1.0235686302185059
en,pure,en_krishna_011,138.77734991205466,132.01668490649885,590.6857617944623,746.2244615107415,0.03087578463545893,0.04227772803474697,0.0,1.0,0.0,1.0410714149475098
en,pure,en_krishna_012,130.72527455643637,131.24190627900413,554.8022198642471,673.1098031635116,0.031667220879889796,0.022691081386510558,0.0,1.0,0.0,1.0222959518432617
en,pure,en_krishna_013,135.92602728937882,130.10444963470349,733.6896717617335,773.1587092587147,0.04629819660136757,0.02158234462755286,0.0,1.0,0.0,1.2062952518463135
en,pure,en_krishna_014,131.88086512157534,155.6471320180355,534.089301944979,619.9201289471848,0.032849087420324774,0.030836235799864897,0.0,0.0,0.0,1.1071146726608276
en,pure,en_krishna_015,133.4974875585699,133.3076838402254,517.1443048860646,642.6360226990869,0.034892013214846224,0.027794226914924388,0.0,1.0,0.0,1.3473217487335205
en,pure,en_krishna_016,131.06090289794963,134.11932913296656,578.7873567399972,657.4212716891079,0.02969153330661871,0.030309397240021154,0.0,1.0,0.0,1.0465986728668213
en,pure,en_krishna_017,127.66963634384093,145.78574533097603,563.0141436379303,628.455277453537,0.026450492160987625,0.02127071199118231,0.0,1.0,0.0,1.1412526369094849
en,pure,en_krishna_018,126.77136430855755,137.8677318051127,591.0439451989179,562.4404998116441,0.039635315266162256,0.025864548846605474,0.0,1.0,0.0,1.022470474243164
en,pure,en_krishna_019,124.56631568483371,149.97871807574379,676.3938146771492,752.7206226825481,0.027760033024176,0.022855641977614166,0.0,1.0,0.0,1.017177700996399
en,pure,en_krishna_020,124.65072428036801,138.673788363109,668.446851647775,590.8523222238115,0.034877344613002445,0.023084185800617496,0.0,1.0,0.0,1.021077275276184
en,pure,en_krishna_021,127.62356554522522,171.61853979883915,525.3005510705012,1088.1359947358924,0.028858688178491257,0.06703614824476842,1.0,1.0,1.0,1.0492676496505737
en,pure,en_krishna_022,130.26684289883752,140.46874285057498,561.9989003504437,702.1546088370952,0.02028415693397087,0.02655716308427736,0.0,1.0,0.0,1.0228478908538818
en,pure,en_krishna_023,122.46771640246666,145.03684575261323,585.4415989749198,667.4567005302761,0.038659986618804425,0.023301451329193555,0.0,1.0,0.0,1.0200469493865967
en,pure,en_krishna_024,126.73916531316915,135.62773840507128,606.4331891390533,787.5092849296499,0.04464785362254975,0.02940918507357534,0.0,1.0,0.0,1.0242629051208496
en,pure,en_krishna_025,127.72101399181373,138.24103352522272,654.4608259675626,807.6414229947264,0.03935695215975593,0.034051220127320245,0.0,1.0,0.0,1.0317578315734863
en,pure,en_krishna_026,134.6788156753646,131.0303971119341,647.3150829600278,727.8260752005352,0.02830925199914828,,1.0,1.0,1.0,1.0426007509231567
en,pure,en_krishna_027,134.49494536513052,166.71726491439043,673.1184216639158,614.4703683911634,0.024051932789473766,0.033615866644235645,0.0,1.0,0.0,1.0180094242095947
en,pure,en_krishna_028,132.14722190550395,145.15316566111343,762.4887246621686,828.4928450866214,0.03763450353334598,0.027737409590026525,0.0,1.0,0.0,1.059267282485962
en,pure,en_krishna_029,127.45942215240579,127.74393919715966,587.5807312089328,799.7866024726725,0.03295912320488338,0.02710578785240869,0.0,1.0,0.0,1.2016745805740356
en,pure,en_krishna_030,132.9562396395693,130.90690110962268,662.2239654561118,596.6207939419962,0.0415920739183034,0.02482024862727221,0.0,1.0,0.0,1.0325751304626465
en,pure,en_krishna_031,133.96332586662623,145.37240226746832,669.3763432760961,542.5307557988951,0.0336626148308788,0.0516100863256198,1.0,1.0,1.0,1.218521237373352
en,pure,en_krishna_032,138.59160728101224,144.2900425416436,616.4879905219311,632.6460963302596,0.035918093720577554,0.03220037528374213,1.0,1.0,1.0,1.024644374847412
en,pure,en_krishna_033,138.50659602154676,141.17608098471322,571.9853651673386,622.7592463514421,0.024948563635908253,0.033713580168075,0.0,1.0,0.0,1.0275568962097168
en,pure,en_krishna_034,133.36969579966512,138.22492523273982,1141.1512237786876,820.612486928732,0.03587333842692235,0.02303948023517602,1.0,1.0,1.0,1.0229188203811646
en,pure,en_krishna_035,137.15859044478975,137.68317556626124,774.5346749631992,574.3153459581291,0.03294478647341841,0.06409424282887266,1.0,1.0,1.0,1.0247721672058105
en,pure,en_krishna_036,132.23840329064512,147.62943547836568,778.4516527981542,758.3825782601796,0.0527078653315069,0.0347959930956332,0.0,1.0,0.0,1.4633679389953613
en,pure,en_krishna_037,124.67919853028451,138.89287985922962,861.6562236739366,726.3835454116783,0.062462309570579695,0.026620146448394597,0.0,1.0,0.0,1.9665460586547852
en,pure,en_krishna_038,124.07691496447836,149.68295278341958,624.0220465734787,550.783832525248,0.04642587947599932,0.0367326649685986,1.0,1.0,1.0,1.0501655340194702
en,pure,en_krishna_039,130.31837311698436,394.81208358878786,616.7973165348454,738.2177284449277,0.038410309305472186,,0.0,1.0,0.0,1.0435844659805298
en,pure,en_krishna_040,135.00983675869415,148.81131314780123,557.267382504233,642.5983598529161,0.039701446859989505,0.01930645116535265,1.0,1.0,1.0,1.0231024026870728
en,pure,en_krishna_041,131.9208090707028,136.01355306277108,776.8932559076018,789.9750276608113,0.05130005593873884,0.022649980554837572,0.0,1.0,0.0,1.02843177318573
en,pure,en_krishna_042,132.51151542514575,138.6976336681785,599.3437607589551,642.0460494415819,0.036594898772046185,0.0198995925493931,0.0,1.0,0.0,1.062377691268921
en,pure,en_krishna_043,132.71575035654206,130.68273567236804,660.5955387634457,754.2051378808466,0.04027921424171838,,1.0,0.0,0.0,1.0484362840652466
en,pure,en_krishna_044,136.25536343241262,126.75772759083844,624.7622009263026,773.0957345875339,0.03752949602316327,0.02526005263294761,0.0,1.0,0.0,1.0258580446243286
en,pure,en_krishna_045,121.79650115985095,140.06524333585315,696.3726157377897,691.4917049142072,0.04093924516795834,0.030665580721255026,0.0,1.0,0.0,1.0206822156906128
en,pure,en_krishna_046,141.32113264681237,130.74032241265047,658.7278686515164,612.7808795938923,0.029443446498932452,0.029787366026149644,0.0,1.0,0.0,1.3938409090042114
en,pure,en_krishna_048,135.45275222193527,137.00133297001747,633.8215263825423,607.8392544777447,0.039205182614552164,0.03612222946710674,0.0,1.0,0.0,1.513022541999817
en,pure,en_krishna_049,139.0517643919016,135.16398684880568,691.8809323580577,572.5472877883465,0.03976701566534456,0.03892886820186172,1.0,1.0,1.0,1.0541688203811646
en,pure,en_krishna_050,134.68443401533375,112.04340085435238,657.9626334772249,681.1598582033613,0.039746769008902984,0.02711098590621679,0.0,1.0,0.0,1.0377731323242188
en,pure,en_krishna_051,140.2515713699332,152.9606880132644,686.2626858649539,716.197026816954,0.03222323661904925,0.022835969778852352,0.0,1.0,0.0,1.0233057737350464
en,pure,en_krishna_052,144.61149669738347,140.47559062247797,500.8285141477925,613.0079516642771,0.037036195862893175,0.024085390516174743,0.0,1.0,0.0,1.0244545936584473
en,pure,en_krishna_053,146.9846358401178,156.15571892034768,619.5033067155099,873.6804713343532,0.032524885072472594,0.03967736487640624,0.0,1.0,0.0,1.0233770608901978
en,pure,en_krishna_054,134.8096220488041,134.28501385727128,697.312611055947,698.8971434549851,0.04299416636510959,0.02549744556275038,0.0,1.0,0.0,1.0819079875946045
en,pure,en_krishna_055,142.02203965089342,136.09029016246626,602.6405208040361,714.2465253725668,0.04071330316703691,0.0310252537411491,0.0,1.0,0.0,1.0438545942306519
en,pure,en_krishna_056,134.7246472362219,142.15090903729987,630.9106091054672,735.5457322362894,0.03378778108125299,0.031214016729642104,0.0,1.0,0.0,1.0275630950927734
en,pure,en_krishna_057,140.51098167415236,188.23217881364914,559.1269591985061,872.6830489794723,0.026582449563058427,0.08813681846394744,1.0,0.0,0.0,1.0478224754333496
en,pure,en_krishna_058,131.55119531259086,130.26315389649906,572.0385360107183,648.0871178058544,0.036444050623498855,0.03297491751814356,0.0,1.0,0.0,1.053485631942749
en,pure,en_krishna_059,144.29459751942048,,712.6804018822828,754.722638884501,0.03735811667359938,0.13380205271544232,1.0,1.0,1.0,1.0422135591506958
en,pure,en_krishna_060,138.95521964835035,231.9158811595329,622.0620578216613,1021.0462382580698,0.03093698526483132,,1.0,0.0,0.0,1.0445246696472168
en,pure,en_krishna_061,133.819791157994,134.26886522089563,672.0317796319317,799.0061330984528,0.035173249216197196,0.025782186837466543,0.0,1.0,0.0,1.0348995923995972
en,pure,en_krishna_062,125.07888644265714,136.27004104999094,668.2780906355629,721.9690404400992,0.028845430527349798,0.026563381491461348,1.0,1.0,1.0,1.0199898481369019
en,pure,en_krishna_063,138.36852239159083,123.12377839007685,623.6300462767051,737.7460776369848,0.03763183429601761,0.03556452008415415,0.0,1.0,0.0,1.035014033317566
en,pure,en_krishna_064,138.10395920063613,142.000213635629,562.2520461080629,745.847774347106,0.03394944522748332,0.021402387305525565,1.0,1.0,1.0,1.163132905960083
en,pure,en_krishna_065,138.21707487713223,134.96146805771963,527.8181149495841,755.549197070837,0.02938915927757411,0.02855924611538641,1.0,1.0,1.0,1.0193595886230469
en,pure,en_krishna_066,146.87799243305253,131.30851017983588,705.5127158149584,803.3790684917378,0.046274903231019626,0.03566735582301221,0.0,1.0,0.0,1.0206034183502197
en,pure,en_krishna_067,145.2737233511015,126.54736555210127,602.6907525177986,799.366959551175,0.035198271654619605,0.053207244569440294,1.0,1.0,1.0,1.2178289890289307
en,pure,en_krishna_068,141.12564447884284,130.787849025614,593.1817056710864,720.848277801206,0.038026493177691786,0.027587203713112636,0.0,1.0,0.0,1.0207619667053223
en,pure,en_krishna_069,135.3428474743683,109.60981396142417,659.445722308051,1164.8898514350446,0.04006276955217299,0.06288200720717273,1.0,0.0,0.0,1.679978609085083
en,pure,en_krishna_070,139.87125052650597,135.62344531602795,611.9982276473947,659.7667206231155,0.03369311183391103,0.027223367107607727,0.0,1.0,0.0,1.0317481756210327
en,pure,en_krishna_071,143.44434849409836,130.6207073452319,597.0154062243,631.1604280672867,0.03171282951460631,0.024125419929174833,0.0,0.0,0.0,1.0213229656219482
en,pure,en_krishna_072,136.56401573139655,134.6376138060661,594.8695147502186,642.2841706194972,0.02536258658196449,0.022176357773774576,0.0,1.0,0.0,1.02842378616333
en,pure,en_krishna_073,132.8803681930277,137.7952769352346,509.20908677466497,510.79783277543197,0.025886679823719047,0.04050027215189883,0.0,1.0,0.0,1.9120433330535889
en,pure,en_krishna_074,134.36624315513822,140.64667542465492,673.1309997167973,652.1587909287502,0.041565833152670185,0.023169570329392257,1.0,1.0,1.0,1.0294102430343628
en,pure,en_krishna_076,122.5342551535309,149.89950564197636,679.8763382640881,653.1301947310077,0.03988697672402855,0.023004990434339633,0.0,1.0,0.0,1.0259418487548828
en,pure,en_krishna_077,136.01330094813255,140.79947929097776,634.6876413214267,716.6090109146293,0.03560857281126064,0.030022358778847284,0.0,1.0,0.0,1.0218470096588135
en,pure,en_krishna_078,131.38707189625893,146.94003175217102,560.812796310599,594.1406497749787,0.033116970891297524,0.02882447814905392,0.0,1.0,0.0,1.4525898694992065
en,pure,en_krishna_079,141.57013307394985,140.34835990394504,604.3700324001329,601.4548225176374,0.02444533902055208,0.018968710355465237,0.0,1.0,0.0,1.0213316679000854
en,pure,en_krishna_081,132.4800456151126,150.04787296296522,660.0285836100214,697.4991106171638,0.02406583380413767,0.023792506759886776,0.0,1.0,0.0,1.0241949558258057
en,pure,en_krishna_082,134.88553700956865,130.83945502832364,593.3360784433901,792.3889328971225,0.03709399737583852,0.03156388087271915,1.0,0.0,0.0,1.2626590728759766
en,pure,en_krishna_083,133.9887298928844,134.80983114552666,528.8858788723805,660.0342640748192,0.025889758143222225,0.028718565184029408,0.0,1.0,0.0,1.1799290180206299
en,pure,en_krishna_084,139.27609593734044,123.58354995331366,539.4780770555095,755.8323850455675,0.03584074728781797,0.031799181274540636,0.0,0.0,0.0,1.0638362169265747
en,pure,en_krishna_085,139.06340652549662,139.01673917669257,573.6529398649013,714.0443207012997,0.038366897167208404,0.02455478098077247,0.0,1.0,0.0,1.0474107265472412
en,pure,en_krishna_086,129.83581339245424,146.0675863327663,587.6191793539817,595.9139724250172,0.039859259487321476,0.036694140397495974,0.0,0.0,0.0,1.0336358547210693
en,pure,en_krishna_087,124.24852730492263,131.72678721081223,642.4887376852673,697.8529616568304,0.03574115315285091,0.02747112871779618,0.0,1.0,0.0,1.0186266899108887
en,pure,en_krishna_088,128.91623710593709,131.39191267438915,566.1572604683124,728.4398360821554,0.0333365569592166,0.037353750894942535,0.0,1.0,0.0,1.0230746269226074
en,pure,en_krishna_089,131.36283495539647,131.0100284041469,678.6457382112359,724.7800293878759,0.04485387232799003,0.03411800894796953,1.0,1.0,1.0,1.0499513149261475
en,pure,en_krishna_090,134.3093585293949,139.67917118148338,566.390941157196,627.4303443148573,0.0357758887069282,0.029528980291835347,0.0,1.0,0.0,1.0232411623001099
en,pure,en_krishna_091,141.32268715347928,89.97076909501895,521.1346547235777,756.1611326968736,0.0416011171294455,0.11802619079735144,1.0,1.0,1.0,1.0506913661956787
en,pure,en_krishna_092,142.11123984357874,138.28108239855786,561.9994836717484,630.9255541635576,0.0389115254413316,0.024945508440735308,0.0,1.0,0.0,1.0244725942611694
en,pure,en_krishna_093,132.1135749702822,122.48935378574127,512.5497094094936,565.3496907908988,0.0300663977226798,0.05550193414701009,0.0,1.0,0.0,1.7695586681365967
en,pure,en_krishna_094,133.50704292173506,139.10510310105886,539.4015445983778,629.548330686573,0.029924678904589934,0.024108828366938333,0.0,1.0,0.0,1.0456831455230713
en,pure,en_krishna_095,133.7746110310132,134.76957277922685,512.7195802528703,640.2621378738953,0.03533297965817017,0.02549287614119563,0.0,1.0,0.0,1.0714468955993652
en,pure,en_krishna_096,127.67594132090079,143.33301528613345,552.279461981822,768.6457301502118,0.03056498691890327,0.0250407477306018,0.0,1.0,0.0,1.0169034004211426
en,pure,en_krishna_097,132.59091224317615,103.9188292001543,481.36662892591096,681.3558041210367,0.03615414773340959,0.07918618405396285,1.0,0.0,0.0,1.0470609664916992
en,pure,en_krishna_098,129.26647975731456,122.02519909190352,537.4970028554991,835.9244508283626,0.03535990792866624,,0.0,0.0,0.0,1.0510351657867432
en,pure,en_krishna_099,132.7992151979423,151.97098427209374,622.4913719440193,676.5773154458032,0.04306240145044284,0.022265418507721693,0.0,0.0,0.0,1.1735286712646484
en,LoRA_whole,en_krishna_001,130.0152201991487,150.24694873212496,511.22566637623044,884.645540620178,0.027119396059852953,0.10449222106408391,1.0,1.0,1.0,1.042116641998291
en,LoRA_whole,en_krishna_002,137.3587478605036,113.13661697887362,526.4686427787362,631.5467902077253,0.030604899820627706,0.04908307023798682,1.0,0.0,0.0,1.02684485912323
en,LoRA_whole,en_krishna_003,137.98638114411776,118.10283873025371,533.0937409393122,592.3231756710849,0.037621467953278004,0.040244312186650304,1.0,0.0,0.0,1.029174566268921
en,LoRA_whole,en_krishna_004,127.85485646709286,127.15896850862282,563.3712670244288,661.1834804596247,0.04412936929059398,0.03240765276810545,0.0,1.0,0.0,1.0242607593536377
en,LoRA_whole,en_krishna_005,126.34138229921462,148.4996683445964,534.9461458153238,685.307558919696,0.03734334229800612,0.030222477381843454,0.0,1.0,0.0,1.0232396125793457
en,LoRA_whole,en_krishna_006,134.20818072648194,135.89894954872554,542.3555580531537,724.4558867173806,0.029850057397832395,0.025707775126210603,0.0,1.0,0.0,1.018761396408081
en,LoRA_whole,en_krishna_007,137.30171902239968,129.97895245127728,542.1000092987916,667.7293094020307,0.034405800134764714,0.048387544539513085,1.0,1.0,1.0,1.0218249559402466
en,LoRA_whole,en_krishna_008,130.3021188920137,141.94902866967237,555.2225542863085,604.9595198149617,0.03285418236940097,0.0276688476753972,0.0,1.0,0.0,1.0209356546401978
en,LoRA_whole,en_krishna_009,134.6469772192394,162.31517499721267,553.4490522906723,688.956135647666,0.03490839453909301,0.024929314893570014,1.0,1.0,1.0,1.3165371417999268
en,LoRA_whole,en_krishna_010,130.05514332580648,141.32719375645942,637.3769828513222,687.7588107514487,0.02771057168545696,0.02527638759306917,0.0,1.0,0.0,1.0241506099700928
en,LoRA_whole,en_krishna_011,138.77734991205466,129.15840166572372,590.6857617944623,656.2076509963734,0.03087578463545893,0.03534584194970954,0.0,1.0,0.0,1.0208848714828491
en,LoRA_whole,en_krishna_012,130.72527455643637,131.6204068271566,554.8022198642471,723.157290744795,0.031667220879889796,0.024107367689846386,1.0,1.0,1.0,1.0181459188461304
en,LoRA_whole,en_krishna_013,135.92602728937882,137.17135827119378,733.6896717617335,720.3875031970617,0.04629819660136757,0.020711930380753918,0.0,1.0,0.0,1.6267231702804565
en,LoRA_whole,en_krishna_014,131.88086512157534,127.74178767658628,534.089301944979,625.0870417274468,0.032849087420324774,0.03817968675582469,1.0,0.0,0.0,1.2485227584838867
en,LoRA_whole,en_krishna_015,133.4974875585699,139.32609803729622,517.1443048860646,657.1948990665252,0.034892013214846224,0.027328482118402102,0.0,1.0,0.0,1.2801893949508667
en,LoRA_whole,en_krishna_016,131.06090289794963,135.26583238306154,578.7873567399972,555.6320845275494,0.02969153330661871,0.025640771421077187,0.0,1.0,0.0,1.3691437244415283
en,LoRA_whole,en_krishna_017,127.66963634384093,134.74588948345766,563.0141436379303,682.3673239761924,0.026450492160987625,0.03011222214410955,0.0,1.0,0.0,1.032010555267334
en,LoRA_whole,en_krishna_018,126.77136430855755,140.09972618501402,591.0439451989179,661.6474108197028,0.039635315266162256,0.03496253064788328,0.0,1.0,0.0,1.021815299987793
en,LoRA_whole,en_krishna_019,124.56631568483371,141.09106160844811,676.3938146771492,725.9627035835034,0.027760033024176,0.021929678462552178,0.0,1.0,0.0,1.0200399160385132
en,LoRA_whole,en_krishna_020,124.65072428036801,132.08557567721144,668.446851647775,614.2438218276639,0.034877344613002445,0.029009550576827366,1.0,1.0,1.0,1.036149501800537
en,LoRA_whole,en_krishna_021,127.62356554522522,,525.3005510705012,697.2331801769515,0.028858688178491257,,1.0,1.0,1.0,1.0512974262237549
en,LoRA_whole,en_krishna_022,130.26684289883752,131.60391964711403,561.9989003504437,747.6723747595888,0.02028415693397087,0.02155170180657639,0.0,1.0,0.0,1.0194743871688843
en,LoRA_whole,en_krishna_023,122.46771640246666,136.63313101145917,585.4415989749198,632.2515108493221,0.038659986618804425,0.021097793581512463,0.0,1.0,0.0,1.0207825899124146
en,LoRA_whole,en_krishna_024,126.73916531316915,137.5795163767566,606.4331891390533,683.2319131455124,0.04464785362254975,0.027256528916378274,0.0,1.0,0.0,1.0191816091537476
en,LoRA_whole,en_krishna_025,127.72101399181373,132.44153037700428,654.4608259675626,825.2575745176912,0.03935695215975593,0.04062895036025582,0.0,1.0,0.0,1.0180177688598633
en,LoRA_whole,en_krishna_026,134.6788156753646,136.81906494672685,647.3150829600278,560.6894580373677,0.02830925199914828,0.021197483794910092,0.0,1.0,0.0,1.035129427909851
en,LoRA_whole,en_krishna_027,134.49494536513052,136.54812452316136,673.1184216639158,926.1639072553716,0.024051932789473766,0.032217206238487874,0.0,1.0,0.0,1.0386924743652344
en,LoRA_whole,en_krishna_028,132.14722190550395,128.07670218531263,762.4887246621686,699.6332818730467,0.03763450353334598,0.026186880916113577,0.0,1.0,0.0,1.0208245515823364
en,LoRA_whole,en_krishna_029,127.45942215240579,141.97302790791898,587.5807312089328,790.852184145236,0.03295912320488338,0.030867848673783106,0.0,1.0,0.0,1.0442298650741577
en,LoRA_whole,en_krishna_030,132.9562396395693,131.2944048800373,662.2239654561118,608.0839208272689,0.0415920739183034,0.03397357287996501,1.0,1.0,1.0,1.0267078876495361
en,LoRA_whole,en_krishna_031,133.96332586662623,187.14833717208683,669.3763432760961,652.0575179477554,0.0336626148308788,0.03443195013410133,0.0,1.0,0.0,2.583771228790283
en,LoRA_whole,en_krishna_032,138.59160728101224,150.1553966404924,616.4879905219311,633.7032134239231,0.035918093720577554,0.01887687422656057,0.0,1.0,0.0,1.0246350765228271
en,LoRA_whole,en_krishna_033,138.50659602154676,141.87187927690624,571.9853651673386,568.1734901752742,0.024948563635908253,0.027749799205086387,0.0,1.0,0.0,1.0291228294372559
en,LoRA_whole,en_krishna_034,133.36969579966512,144.95090758645284,1141.1512237786876,807.690277844262,0.03587333842692235,0.02263389530320782,0.0,1.0,0.0,1.0274378061294556
en,LoRA_whole,en_krishna_035,137.15859044478975,147.13689398434659,774.5346749631992,856.9123853940841,0.03294478647341841,0.05301597663380061,0.0,1.0,0.0,1.4200189113616943
en,LoRA_whole,en_krishna_036,132.23840329064512,138.80666211380702,778.4516527981542,835.6846249623118,0.0527078653315069,0.03018809867506414,1.0,1.0,1.0,1.0588760375976562
en,LoRA_whole,en_krishna_037,124.67919853028451,120.81774811965269,861.6562236739366,649.7858933682277,0.062462309570579695,0.027759392567508267,0.0,1.0,0.0,1.0781954526901245
en,LoRA_whole,en_krishna_038,124.07691496447836,127.53567890549839,624.0220465734787,711.8251529705168,0.04642587947599932,0.033227248957202235,1.0,1.0,1.0,1.0874559879302979
en,LoRA_whole,en_krishna_039,130.31837311698436,148.42585160214253,616.7973165348454,655.0307940439751,0.038410309305472186,0.03618831388691346,1.0,1.0,1.0,1.0225098133087158
en,LoRA_whole,en_krishna_040,135.00983675869415,130.90876169411385,557.267382504233,638.0494280863795,0.039701446859989505,0.02646301623388395,1.0,1.0,1.0,1.0283533334732056
en,LoRA_whole,en_krishna_041,131.9208090707028,142.5851523698234,776.8932559076018,683.9231048438053,0.05130005593873884,0.03278599739282292,1.0,1.0,1.0,1.0220249891281128
en,LoRA_whole,en_krishna_042,132.51151542514575,,599.3437607589551,613.6208249936967,0.036594898772046185,,1.0,1.0,1.0,1.0455211400985718
en,LoRA_whole,en_krishna_043,132.71575035654206,,660.5955387634457,639.9284496686897,0.04027921424171838,,0.0,0.0,0.0,1.0537779331207275
en,LoRA_whole,en_krishna_044,136.25536343241262,108.97847478199725,624.7622009263026,797.4684002212982,0.03752949602316327,0.08044972528669922,1.0,1.0,1.0,1.0470402240753174
en,LoRA_whole,en_krishna_045,121.79650115985095,135.78546959644328,696.3726157377897,737.5928715627019,0.04093924516795834,0.026164641801284284,0.0,1.0,0.0,1.0205483436584473
en,LoRA_whole,en_krishna_046,141.32113264681237,139.2010950846806,658.7278686515164,480.11814800965584,0.029443446498932452,0.024093563408635943,0.0,1.0,0.0,1.1469836235046387
en,LoRA_whole,en_krishna_048,135.45275222193527,140.26325519304385,633.8215263825423,617.0132266520764,0.039205182614552164,0.03841940549089146,0.0,1.0,0.0,1.3478915691375732
en,LoRA_whole,en_krishna_049,139.0517643919016,153.91907918954473,691.8809323580577,617.3523385930771,0.03976701566534456,0.03489811450722492,0.0,1.0,0.0,1.039426565170288
en,LoRA_whole,en_krishna_050,134.68443401533375,,657.9626334772249,589.4573937151544,0.039746769008902984,,1.0,1.0,1.0,1.0476312637329102
en,LoRA_whole,en_krishna_051,140.2515713699332,141.70894064038444,686.2626858649539,851.4199763866164,0.03222323661904925,0.030888653810764728,0.0,1.0,0.0,1.0237563848495483
en,LoRA_whole,en_krishna_052,144.61149669738347,134.53680930623682,500.8285141477925,651.2314230179117,0.037036195862893175,0.026113787909136234,0.0,1.0,0.0,1.0686262845993042
en,LoRA_whole,en_krishna_053,146.9846358401178,150.1566784409724,619.5033067155099,866.6594101137567,0.032524885072472594,0.032156707415683376,1.0,1.0,1.0,1.1971063613891602
en,LoRA_whole,en_krishna_054,134.8096220488041,132.6506098702514,697.312611055947,777.7000622900017,0.04299416636510959,,0.0,1.0,0.0,1.0492833852767944
en,LoRA_whole,en_krishna_055,142.02203965089342,141.0794528897231,602.6405208040361,750.463136033183,0.04071330316703691,0.02329480259111551,0.0,1.0,0.0,1.0182325839996338
en,LoRA_whole,en_krishna_056,134.7246472362219,137.38112417307173,630.9106091054672,707.5802773755146,0.03378778108125299,0.026775607419782514,0.0,1.0,0.0,1.0292222499847412
en,LoRA_whole,en_krishna_057,140.51098167415236,,559.1269591985061,841.9775414638349,0.026582449563058427,0.06305934566324524,1.0,0.0,0.0,1.047677993774414
en,LoRA_whole,en_krishna_058,131.55119531259086,125.88783610695077,572.0385360107183,738.7653173931748,0.036444050623498855,0.03229890519492904,0.0,1.0,0.0,1.031167984008789
en,LoRA_whole,en_krishna_059,144.29459751942048,147.6703004947859,712.6804018822828,715.4357932763493,0.03735811667359938,0.022375001465946343,0.0,1.0,0.0,1.020260214805603
en,LoRA_whole,en_krishna_060,138.95521964835035,,622.0620578216613,744.7580282851226,0.03093698526483132,0.07263664799380537,0.0,0.0,0.0,1.0511819124221802
en,LoRA_whole,en_krishna_061,133.819791157994,146.5901686180795,672.0317796319317,750.1423634170977,0.035173249216197196,0.029461255839121687,0.0,1.0,0.0,1.0423288345336914
en,LoRA_whole,en_krishna_062,125.07888644265714,146.6800186287589,668.2780906355629,758.4997142927475,0.028845430527349798,0.02892447397152402,0.0,1.0,0.0,1.0226290225982666
en,LoRA_whole,en_krishna_063,138.36852239159083,137.40261607845582,623.6300462767051,700.1718911646925,0.03763183429601761,0.03342897284512228,0.0,1.0,0.0,1.0264601707458496
en,LoRA_whole,en_krishna_064,138.10395920063613,132.56187911825347,562.2520461080629,725.3833200105714,0.03394944522748332,0.02797914671137173,1.0,1.0,1.0,1.0266244411468506
en,LoRA_whole,en_krishna_065,138.21707487713223,139.56559902232144,527.8181149495841,749.9937709440122,0.02938915927757411,0.028068029513922302,0.0,1.0,0.0,1.0215290784835815
en,LoRA_whole,en_krishna_066,146.87799243305253,141.71715123331794,705.5127158149584,705.7663371653024,0.046274903231019626,0.02514572744658312,1.0,1.0,1.0,1.4830399751663208
en,LoRA_whole,en_krishna_067,145.2737233511015,126.77448125095147,602.6907525177986,515.1675313481048,0.035198271654619605,0.054635419663330485,1.0,1.0,1.0,1.0309178829193115
en,LoRA_whole,en_krishna_068,141.12564447884284,140.61867920733923,593.1817056710864,795.6543613341955,0.038026493177691786,0.025583447697623884,0.0,1.0,0.0,1.4714597463607788
en,LoRA_whole,en_krishna_069,135.3428474743683,121.88756734029796,659.445722308051,1238.1259514978653,0.04006276955217299,0.07579067091568899,1.0,0.0,0.0,2.168987274169922
en,LoRA_whole,en_krishna_070,139.87125052650597,132.34459177447715,611.9982276473947,660.476283725689,0.03369311183391103,0.02229001816125681,0.0,1.0,0.0,1.0249004364013672
en,LoRA_whole,en_krishna_071,143.44434849409836,144.40172690725234,597.0154062243,543.2204238851083,0.03171282951460631,0.021400635806825274,0.0,0.0,0.0,1.024654746055603
en,LoRA_whole,en_krishna_072,136.56401573139655,132.03972262485863,594.8695147502186,721.4981557764675,0.02536258658196449,0.022240617411004384,1.0,1.0,1.0,1.0206499099731445
en,LoRA_whole,en_krishna_073,132.8803681930277,168.23819129527627,509.20908677466497,664.2209895256153,0.025886679823719047,0.028501730863060553,0.0,1.0,0.0,1.2188432216644287
en,LoRA_whole,en_krishna_074,134.36624315513822,143.73689409323356,673.1309997167973,652.5012335245974,0.041565833152670185,0.025390383678356616,0.0,1.0,0.0,1.0253314971923828
en,LoRA_whole,en_krishna_076,122.5342551535309,144.82157802242867,679.8763382640881,681.4133404917819,0.03988697672402855,0.02295798227125847,0.0,1.0,0.0,1.0220892429351807
en,LoRA_whole,en_krishna_077,136.01330094813255,,634.6876413214267,980.8311438405749,0.03560857281126064,,1.0,1.0,1.0,1.048837661743164
en,LoRA_whole,en_krishna_078,131.38707189625893,153.09319626483466,560.812796310599,519.8156953799114,0.033116970891297524,0.023109388982119467,0.0,1.0,0.0,1.266234278678894
en,LoRA_whole,en_krishna_079,141.57013307394985,141.78560901367953,604.3700324001329,693.6724097727065,0.02444533902055208,0.025606869547014775,0.0,1.0,0.0,1.0297656059265137
en,LoRA_whole,en_krishna_081,132.4800456151126,141.84271848103478,660.0285836100214,633.3822147608531,0.02406583380413767,,1.0,1.0,1.0,1.0409082174301147
en,LoRA_whole,en_krishna_082,134.88553700956865,511.6529072915534,593.3360784433901,695.1607197273837,0.03709399737583852,,1.0,0.0,0.0,1.054145097732544
en,LoRA_whole,en_krishna_083,133.9887298928844,147.33369005037162,528.8858788723805,601.0797885052491,0.025889758143222225,0.02848757598139606,0.0,1.0,0.0,1.0338913202285767
en,LoRA_whole,en_krishna_084,139.27609593734044,114.55399221622658,539.4780770555095,773.294582711292,0.03584074728781797,0.043930862674517936,0.0,0.0,0.0,1.0212314128875732
en,LoRA_whole,en_krishna_085,139.06340652549662,136.95271733222341,573.6529398649013,678.9420925400515,0.038366897167208404,0.0258235138875403,0.0,1.0,0.0,1.0186271667480469
en,LoRA_whole,en_krishna_086,129.83581339245424,124.35529256578778,587.6191793539817,546.3504582042875,0.039859259487321476,0.03763002501359632,0.0,0.0,0.0,1.0555102825164795
en,LoRA_whole,en_krishna_087,124.24852730492263,174.52797843331393,642.4887376852673,691.7461583717686,0.03574115315285091,0.03489964423999544,1.0,1.0,1.0,1.0508346557617188
en,LoRA_whole,en_krishna_088,128.91623710593709,142.0771664204543,566.1572604683124,808.4058902310737,0.0333365569592166,0.02973869214546644,0.0,1.0,0.0,1.0259896516799927
en,LoRA_whole,en_krishna_089,131.36283495539647,130.62018849334655,678.6457382112359,752.8534961898862,0.04485387232799003,0.03153497714036762,0.0,1.0,0.0,1.1400822401046753
en,LoRA_whole,en_krishna_090,134.3093585293949,137.52346787428692,566.390941157196,675.6252710478738,0.0357758887069282,0.031043823044593254,0.0,1.0,0.0,1.021087884902954
en,LoRA_whole,en_krishna_091,141.32268715347928,138.49167349944065,521.1346547235777,588.543923533075,0.0416011171294455,0.020987917111402087,0.0,1.0,0.0,1.573009967803955
en,LoRA_whole,en_krishna_092,142.11123984357874,159.41150537331012,561.9994836717484,635.3512772315444,0.0389115254413316,0.022930804351217127,0.0,1.0,0.0,1.0238959789276123
en,LoRA_whole,en_krishna_093,132.1135749702822,120.9821168069372,512.5497094094936,641.2261324646136,0.0300663977226798,0.055543612547002325,1.0,1.0,1.0,1.031970500946045
en,LoRA_whole,en_krishna_094,133.50704292173506,128.3897121934094,539.4015445983778,592.4013466632468,0.029924678904589934,0.030188975227414733,0.0,1.0,0.0,1.0168771743774414
en,LoRA_whole,en_krishna_095,133.7746110310132,143.6882851789743,512.7195802528703,630.588865831353,0.03533297965817017,0.025602199620932763,0.0,1.0,0.0,1.0193547010421753
en,LoRA_whole,en_krishna_096,127.67594132090079,131.98314862200556,552.279461981822,758.3150890043693,0.03056498691890327,0.03466593422576519,0.0,1.0,0.0,1.0198581218719482
en,LoRA_whole,en_krishna_097,132.59091224317615,114.41387501793153,481.36662892591096,652.2234221150377,0.03615414773340959,0.06688214879696822,1.0,0.0,0.0,1.0475997924804688
en,LoRA_whole,en_krishna_098,129.26647975731456,129.99384334192064,537.4970028554991,688.6147960080095,0.03535990792866624,0.04697778771208507,0.0,0.0,0.0,1.0559699535369873
en,LoRA_whole,en_krishna_099,132.7992151979423,143.7134690938539,622.4913719440193,692.7620614426282,0.04306240145044284,0.03464886266369907,0.0,0.0,0.0,1.0241727828979492
en,LoRA_AR,en_krishna_001,130.0152201991487,192.32079154725938,511.22566637623044,585.2871486548033,0.027119396059852953,0.05768890497503077,1.0,1.0,1.0,1.0478966236114502
en,LoRA_AR,en_krishna_002,137.3587478605036,121.02973074506286,526.4686427787362,565.6306552620943,0.030604899820627706,0.060205010593905726,1.0,0.0,0.0,1.0245310068130493
en,LoRA_AR,en_krishna_003,137.98638114411776,109.90345616873654,533.0937409393122,609.8669923814551,0.037621467953278004,0.04806531496922709,0.0,0.0,0.0,1.0495601892471313
en,LoRA_AR,en_krishna_004,127.85485646709286,142.492943191591,563.3712670244288,659.2520117819279,0.04412936929059398,0.028918310620126668,0.0,1.0,0.0,1.0263184309005737
en,LoRA_AR,en_krishna_005,126.34138229921462,136.08522591847375,534.9461458153238,586.6504346188698,0.03734334229800612,0.03291311869345045,0.0,1.0,0.0,1.0205602645874023
en,LoRA_AR,en_krishna_006,134.20818072648194,153.3212680834388,542.3555580531537,686.1245745166184,0.029850057397832395,0.026763128111809458,0.0,1.0,0.0,1.0315141677856445
en,LoRA_AR,en_krishna_007,137.30171902239968,134.31501757765898,542.1000092987916,761.2925009124209,0.034405800134764714,0.04557559496866694,0.0,1.0,0.0,1.0543755292892456
en,LoRA_AR,en_krishna_008,130.3021188920137,140.3258931750434,555.2225542863085,745.119786790328,0.03285418236940097,0.025336649159458983,0.0,1.0,0.0,1.0190563201904297
en,LoRA_AR,en_krishna_009,134.6469772192394,147.60407678272693,553.4490522906723,777.0149967855639,0.03490839453909301,0.04536681690925834,0.0,1.0,0.0,1.8034145832061768
en,LoRA_AR,en_krishna_010,130.05514332580648,141.08737011317342,637.3769828513222,748.7258429053129,0.02771057168545696,0.020048833787339116,0.0,1.0,0.0,1.0349133014678955
en,LoRA_AR,en_krishna_011,138.77734991205466,135.22973458630787,590.6857617944623,665.8567004742254,0.03087578463545893,0.0329762699607,1.0,1.0,1.0,1.0289934873580933
en,LoRA_AR,en_krishna_012,130.72527455643637,125.96762722067447,554.8022198642471,677.5022774650857,0.031667220879889796,0.021617322196504675,0.0,1.0,0.0,1.0204864740371704
en,LoRA_AR,en_krishna_013,135.92602728937882,145.41599475824881,733.6896717617335,759.5173191703467,0.04629819660136757,0.02463246153931928,1.0,1.0,1.0,1.215269923210144
en,LoRA_AR,en_krishna_014,131.88086512157534,127.07415249595346,534.089301944979,640.3154815284166,0.032849087420324774,0.04307110175173273,0.0,0.0,0.0,1.0266505479812622
en,LoRA_AR,en_krishna_015,133.4974875585699,119.78120741884453,517.1443048860646,629.9086903974119,0.034892013214846224,0.03604078442233258,0.0,1.0,0.0,1.0319771766662598
en,LoRA_AR,en_krishna_016,131.06090289794963,143.82560644808717,578.7873567399972,684.3509337653572,0.02969153330661871,0.02495055183314468,0.0,1.0,0.0,1.0247069597244263
en,LoRA_AR,en_krishna_017,127.66963634384093,143.86749444469774,563.0141436379303,633.4447355880529,0.026450492160987625,0.028248202195767905,0.0,1.0,0.0,1.0217311382293701
en,LoRA_AR,en_krishna_018,126.77136430855755,139.20442196682032,591.0439451989179,624.3936432045639,0.039635315266162256,0.02838880298743629,0.0,1.0,0.0,1.041839361190796
en,LoRA_AR,en_krishna_019,124.56631568483371,143.73336861894887,676.3938146771492,719.9696398820213,0.027760033024176,0.02328029731361989,0.0,1.0,0.0,1.0195852518081665
en,LoRA_AR,en_krishna_020,124.65072428036801,148.1356912574001,668.446851647775,591.6338422829346,0.034877344613002445,0.031256363972488266,0.0,1.0,0.0,1.0272204875946045
en,LoRA_AR,en_krishna_021,127.62356554522522,,525.3005510705012,847.3157540284815,0.028858688178491257,0.10950839291180643,1.0,1.0,1.0,1.0493972301483154
en,LoRA_AR,en_krishna_022,130.26684289883752,137.09204355286332,561.9989003504437,773.1160616237754,0.02028415693397087,0.03553292320569746,0.0,1.0,0.0,1.0382148027420044
en,LoRA_AR,en_krishna_023,122.46771640246666,130.52694187814996,585.4415989749198,632.0799948381616,0.038659986618804425,0.02656047300549365,1.0,1.0,1.0,1.0371644496917725
en,LoRA_AR,en_krishna_024,126.73916531316915,129.51856960071524,606.4331891390533,745.5559896713247,0.04464785362254975,0.028798114130871966,0.0,1.0,0.0,1.0260308980941772
en,LoRA_AR,en_krishna_025,127.72101399181373,152.21333326229094,654.4608259675626,872.567132106292,0.03935695215975593,0.026624876104945443,0.0,1.0,0.0,1.0409018993377686
en,LoRA_AR,en_krishna_026,134.6788156753646,131.2901501769508,647.3150829600278,708.0294696468997,0.02830925199914828,0.03232774107071017,0.0,1.0,0.0,1.0250730514526367
en,LoRA_AR,en_krishna_027,134.49494536513052,151.23290683919424,673.1184216639158,644.3367863883518,0.024051932789473766,0.029660908256149896,0.0,1.0,0.0,1.018540859222412
en,LoRA_AR,en_krishna_028,132.14722190550395,133.08666441777353,762.4887246621686,680.1372787882079,0.03763450353334598,0.02518617518245242,0.0,1.0,0.0,1.0195503234863281
en,LoRA_AR,en_krishna_029,127.45942215240579,156.30188335555957,587.5807312089328,723.7006216034997,0.03295912320488338,0.029609465917421477,0.0,1.0,0.0,1.0744017362594604
en,LoRA_AR,en_krishna_030,132.9562396395693,138.2908123508834,662.2239654561118,614.5081138941656,0.0415920739183034,0.026974970264402577,0.0,1.0,0.0,1.0226677656173706
en,LoRA_AR,en_krishna_031,133.96332586662623,95.58155044786149,669.3763432760961,648.7370382846101,0.0336626148308788,,1.0,1.0,1.0,1.0526232719421387
en,LoRA_AR,en_krishna_032,138.59160728101224,135.19460953679578,616.4879905219311,679.154816070571,0.035918093720577554,0.02252319939209619,0.0,1.0,0.0,1.0276590585708618
en,LoRA_AR,en_krishna_033,138.50659602154676,138.79484771128088,571.9853651673386,595.7487143238037,0.024948563635908253,0.02996965219788111,0.0,1.0,0.0,1.0265134572982788
en,LoRA_AR,en_krishna_034,133.36969579966512,135.2181462161503,1141.1512237786876,779.8800533027554,0.03587333842692235,0.02540473540137388,0.0,1.0,0.0,1.01985502243042
en,LoRA_AR,en_krishna_035,137.15859044478975,128.95226571527087,774.5346749631992,640.2726945442604,0.03294478647341841,0.05781671703979882,1.0,1.0,1.0,1.5828914642333984
en,LoRA_AR,en_krishna_036,132.23840329064512,151.0776006104193,778.4516527981542,817.8694737071244,0.0527078653315069,0.024785232867106648,0.0,1.0,0.0,1.4210529327392578
en,LoRA_AR,en_krishna_037,124.67919853028451,146.7588943934084,861.6562236739366,715.8101691504048,0.062462309570579695,0.02014470883135232,0.0,1.0,0.0,1.0269999504089355
en,LoRA_AR,en_krishna_038,124.07691496447836,134.2106930848888,624.0220465734787,566.8202331256513,0.04642587947599932,0.043540895022102975,0.0,1.0,0.0,1.1715552806854248
en,LoRA_AR,en_krishna_039,130.31837311698436,135.07339813969463,616.7973165348454,580.8905876075132,0.038410309305472186,0.029803595486553616,0.0,1.0,0.0,1.1002634763717651
en,LoRA_AR,en_krishna_040,135.00983675869415,144.7391951439204,557.267382504233,562.226139048407,0.039701446859989505,0.021733413023802918,1.0,1.0,1.0,1.032831072807312
en,LoRA_AR,en_krishna_041,131.9208090707028,143.60799354124572,776.8932559076018,716.3286252759791,0.05130005593873884,0.022550325437084445,0.0,1.0,0.0,1.0251604318618774
en,LoRA_AR,en_krishna_042,132.51151542514575,,599.3437607589551,778.9004782392519,0.036594898772046185,,1.0,1.0,1.0,1.0460001230239868
en,LoRA_AR,en_krishna_043,132.71575035654206,,660.5955387634457,836.2615339867777,0.04027921424171838,,1.0,0.0,0.0,1.0508513450622559
en,LoRA_AR,en_krishna_044,136.25536343241262,143.15568459302767,624.7622009263026,710.8577250432542,0.03752949602316327,0.03226612860799326,0.0,1.0,0.0,1.0774157047271729
en,LoRA_AR,en_krishna_045,121.79650115985095,133.9915159851281,696.3726157377897,683.8706852754708,0.04093924516795834,0.03315385073094154,1.0,1.0,1.0,1.0226801633834839
en,LoRA_AR,en_krishna_046,141.32113264681237,128.87205062834684,658.7278686515164,646.5683703971936,0.029443446498932452,0.03191893044404275,0.0,1.0,0.0,1.0544421672821045
en,LoRA_AR,en_krishna_048,135.45275222193527,146.2267662706783,633.8215263825423,509.0385252163946,0.039205182614552164,0.03433256209534895,1.0,1.0,1.0,1.0624074935913086
en,LoRA_AR,en_krishna_049,139.0517643919016,153.2534878428815,691.8809323580577,595.9061098536783,0.03976701566534456,0.044956634145553814,1.0,1.0,1.0,1.0405582189559937
en,LoRA_AR,en_krishna_050,134.68443401533375,152.2703171414617,657.9626334772249,560.1913818268616,0.039746769008902984,0.022149159802665373,0.0,1.0,0.0,1.0304027795791626
en,LoRA_AR,en_krishna_051,140.2515713699332,164.34071340415912,686.2626858649539,748.9939575681428,0.03222323661904925,0.022303035300778765,0.0,1.0,0.0,1.022149682044983
en,LoRA_AR,en_krishna_052,144.61149669738347,133.68972294773883,500.8285141477925,584.2746867862538,0.037036195862893175,0.030873888566324614,0.0,1.0,0.0,1.0423519611358643
en,LoRA_AR,en_krishna_053,146.9846358401178,145.31323165415887,619.5033067155099,847.1165853827877,0.032524885072472594,0.02224269158079902,1.0,1.0,1.0,1.0226516723632812
en,LoRA_AR,en_krishna_054,134.8096220488041,131.97610284327365,697.312611055947,605.6510080219367,0.04299416636510959,0.07535952874118967,0.0,1.0,0.0,1.0487645864486694
en,LoRA_AR,en_krishna_055,142.02203965089342,162.84070573284805,602.6405208040361,702.96783773963,0.04071330316703691,0.033870281567959806,0.0,1.0,0.0,1.019424557685852
en,LoRA_AR,en_krishna_056,134.7246472362219,143.0041178914482,630.9106091054672,780.2402853044828,0.03378778108125299,0.024194921774847836,0.0,1.0,0.0,1.0186485052108765
en,LoRA_AR,en_krishna_057,140.51098167415236,76.80565728004244,559.1269591985061,956.6475787588032,0.026582449563058427,,1.0,0.0,0.0,1.04473078250885
en,LoRA_AR,en_krishna_058,131.55119531259086,128.8309180447407,572.0385360107183,729.0039543511092,0.036444050623498855,0.03705906106529095,0.0,1.0,0.0,1.0413181781768799
en,LoRA_AR,en_krishna_059,144.29459751942048,143.75661929138678,712.6804018822828,771.7268534227222,0.03735811667359938,0.0319589054189484,0.0,1.0,0.0,1.0789562463760376
en,LoRA_AR,en_krishna_060,138.95521964835035,124.3649380675124,622.0620578216613,639.9564406358551,0.03093698526483132,0.04726726842679989,0.0,0.0,0.0,1.0251877307891846
en,LoRA_AR,en_krishna_061,133.819791157994,,672.0317796319317,766.1938701794588,0.035173249216197196,,0.0,1.0,0.0,1.0488587617874146
en,LoRA_AR,en_krishna_062,125.07888644265714,151.7827169804648,668.2780906355629,813.4991330338066,0.028845430527349798,0.030196103774026477,0.0,1.0,0.0,1.0255223512649536
en,LoRA_AR,en_krishna_063,138.36852239159083,130.79873173295047,623.6300462767051,697.0325624206539,0.03763183429601761,0.025445005487652286,0.0,1.0,0.0,1.075019359588623
en,LoRA_AR,en_krishna_064,138.10395920063613,133.3973080143023,562.2520461080629,742.7432677254197,0.03394944522748332,0.02331600452056688,0.0,1.0,0.0,1.0271581411361694
en,LoRA_AR,en_krishna_065,138.21707487713223,146.89157431125884,527.8181149495841,686.2234079055276,0.02938915927757411,0.02628758448934266,0.0,1.0,0.0,1.0281976461410522
en,LoRA_AR,en_krishna_066,146.87799243305253,163.3619093254795,705.5127158149584,628.7401958697858,0.046274903231019626,0.016719058820741695,0.0,1.0,0.0,1.0429617166519165
en,LoRA_AR,en_krishna_067,145.2737233511015,126.65564375062337,602.6907525177986,525.8879318806422,0.035198271654619605,0.05277980399636879,0.0,1.0,0.0,1.044912338256836
en,LoRA_AR,en_krishna_068,141.12564447884284,135.08399216482192,593.1817056710864,738.7004175448154,0.038026493177691786,0.030600548410162905,0.0,1.0,0.0,1.107661485671997
en,LoRA_AR,en_krishna_069,135.3428474743683,131.33789650629708,659.445722308051,705.5343738536609,0.04006276955217299,0.046985600084161576,1.0,0.0,0.0,1.1615793704986572
en,LoRA_AR,en_krishna_070,139.87125052650597,134.89572986635815,611.9982276473947,649.186674542788,0.03369311183391103,0.02747587177705553,0.0,1.0,0.0,1.1535093784332275
en,LoRA_AR,en_krishna_071,143.44434849409836,137.6169346499632,597.0154062243,643.3891870304941,0.03171282951460631,0.033636476017410814,0.0,0.0,0.0,1.0233873128890991
en,LoRA_AR,en_krishna_072,136.56401573139655,116.30864268458193,594.8695147502186,739.6970115373471,0.02536258658196449,0.02713435943561779,1.0,1.0,1.0,1.0267337560653687
en,LoRA_AR,en_krishna_073,132.8803681930277,137.4552678670955,509.20908677466497,623.1471862700112,0.025886679823719047,0.03948329890074073,0.0,1.0,0.0,2.3747799396514893
en,LoRA_AR,en_krishna_074,134.36624315513822,143.2436431203446,673.1309997167973,606.7720256247013,0.041565833152670185,0.028860092410436335,0.0,1.0,0.0,1.0184142589569092
en,LoRA_AR,en_krishna_076,122.5342551535309,145.2049418983621,679.8763382640881,622.1496367700008,0.03988697672402855,0.031483393147898886,0.0,1.0,0.0,1.031830072402954
en,LoRA_AR,en_krishna_077,136.01330094813255,114.0079621263305,634.6876413214267,780.0073534027948,0.03560857281126064,,1.0,0.0,0.0,1.0525503158569336
en,LoRA_AR,en_krishna_078,131.38707189625893,138.9822263633181,560.812796310599,506.8707915670773,0.033116970891297524,0.027799101545044048,1.0,1.0,1.0,1.09749174118042
en,LoRA_AR,en_krishna_079,141.57013307394985,129.98475980575054,604.3700324001329,652.7325199825198,0.02444533902055208,0.025720694787883792,0.0,1.0,0.0,1.038285493850708
en,LoRA_AR,en_krishna_081,132.4800456151126,130.92732154578923,660.0285836100214,726.5022647359552,0.02406583380413767,0.026155405317828975,0.0,1.0,0.0,1.0192259550094604
en,LoRA_AR,en_krishna_082,134.88553700956865,149.99555620305946,593.3360784433901,790.0864654471264,0.03709399737583852,0.0412400843500757,0.0,0.0,0.0,2.1494977474212646
en,LoRA_AR,en_krishna_083,133.9887298928844,133.75813038728018,528.8858788723805,776.2457575530625,0.025889758143222225,0.023482865855770998,0.0,1.0,0.0,1.0277677774429321
en,LoRA_AR,en_krishna_084,139.27609593734044,,539.4780770555095,967.5765393998031,0.03584074728781797,,1.0,0.0,0.0,1.0492126941680908
en,LoRA_AR,en_krishna_085,139.06340652549662,141.4470306450837,573.6529398649013,751.6833265835877,0.038366897167208404,0.02937083422977093,1.0,1.0,1.0,1.3881162405014038
en,LoRA_AR,en_krishna_086,129.83581339245424,248.24244280295608,587.6191793539817,678.5436999078455,0.039859259487321476,0.05904179174563308,1.0,0.0,0.0,1.0433660745620728
en,LoRA_AR,en_krishna_087,124.24852730492263,143.29318518908704,642.4887376852673,719.7636513078752,0.03574115315285091,0.019429827592768664,1.0,1.0,1.0,1.024715542793274
en,LoRA_AR,en_krishna_088,128.91623710593709,154.6445451583987,566.1572604683124,678.1409217856025,0.0333365569592166,0.033510873699056254,0.0,1.0,0.0,1.0195128917694092
en,LoRA_AR,en_krishna_089,131.36283495539647,139.142750624631,678.6457382112359,779.1594167401043,0.04485387232799003,0.033558878401048806,0.0,1.0,0.0,1.0241154432296753
en,LoRA_AR,en_krishna_090,134.3093585293949,134.88876470906098,566.390941157196,580.4953941873703,0.0357758887069282,0.031980950585506554,0.0,1.0,0.0,1.0251264572143555
en,LoRA_AR,en_krishna_091,141.32268715347928,129.43539734901097,521.1346547235777,697.0814632585439,0.0416011171294455,0.029180216943437826,0.0,1.0,0.0,1.3808332681655884
en,LoRA_AR,en_krishna_092,142.11123984357874,,561.9994836717484,863.4975767905622,0.0389115254413316,,1.0,1.0,1.0,1.036880612373352
en,LoRA_AR,en_krishna_093,132.1135749702822,123.60779392682574,512.5497094094936,738.4997975624628,0.0300663977226798,0.05071142697168503,1.0,1.0,1.0,1.673786997795105
en,LoRA_AR,en_krishna_094,133.50704292173506,137.59673213207424,539.4015445983778,655.2884170005648,0.029924678904589934,0.03134971748385584,0.0,1.0,0.0,1.0238728523254395
en,LoRA_AR,en_krishna_095,133.7746110310132,140.60168624281022,512.7195802528703,638.7021356264162,0.03533297965817017,0.032425299577766034,0.0,1.0,0.0,1.0249735116958618
en,LoRA_AR,en_krishna_096,127.67594132090079,145.04040579128673,552.279461981822,765.5412127952005,0.03056498691890327,0.023206903150895835,0.0,1.0,0.0,1.0215487480163574
en,LoRA_AR,en_krishna_097,132.59091224317615,91.27174765010928,481.36662892591096,662.5317669493346,0.03615414773340959,,0.0,0.0,0.0,1.047836184501648
en,LoRA_AR,en_krishna_098,129.26647975731456,,537.4970028554991,583.3372979015529,0.03535990792866624,0.08457306792120074,1.0,0.0,0.0,1.0457203388214111
en,LoRA_AR,en_krishna_099,132.7992151979423,157.36502145264205,622.4913719440193,740.5678005192336,0.04306240145044284,0.016824582185767833,0.0,0.0,0.0,1.059649109840393
en,LoRA_NAR,en_krishna_001,130.0152201991487,143.39115588861742,511.22566637623044,546.0758018320012,0.027119396059852953,0.027305219756776154,0.0,1.0,0.0,1.0196646451950073
en,LoRA_NAR,en_krishna_002,137.3587478605036,151.53049043438816,526.4686427787362,532.692816597514,0.030604899820627706,0.04279467143038511,0.0,0.0,0.0,1.0237876176834106
en,LoRA_NAR,en_krishna_003,137.98638114411776,120.61083079442169,533.0937409393122,538.6089589410633,0.037621467953278004,0.038645881572489216,1.0,0.0,0.0,1.5804725885391235
en,LoRA_NAR,en_krishna_004,127.85485646709286,143.7350605192743,563.3712670244288,639.8065987208663,0.04412936929059398,0.02326197778310514,0.0,1.0,0.0,1.021889328956604
en,LoRA_NAR,en_krishna_005,126.34138229921462,124.21707350572271,534.9461458153238,703.6794589292346,0.03734334229800612,0.03591837795478637,0.0,0.0,0.0,1.0265653133392334
en,LoRA_NAR,en_krishna_006,134.20818072648194,159.73210640726145,542.3555580531537,656.528617127261,0.029850057397832395,0.02848364553591802,1.0,1.0,1.0,1.0393836498260498
en,LoRA_NAR,en_krishna_007,137.30171902239968,135.1394829052506,542.1000092987916,593.863983157779,0.034405800134764714,0.04405039993099988,0.0,1.0,0.0,1.0713295936584473
en,LoRA_NAR,en_krishna_008,130.3021188920137,146.8310577339238,555.2225542863085,609.4960869840843,0.03285418236940097,0.02289165338790484,0.0,1.0,0.0,1.0201241970062256
en,LoRA_NAR,en_krishna_009,134.6469772192394,132.50227768248942,553.4490522906723,597.6697459533106,0.03490839453909301,0.04324741825046533,0.0,1.0,0.0,1.0405070781707764
en,LoRA_NAR,en_krishna_010,130.05514332580648,150.24408754363697,637.3769828513222,687.4016815898289,0.02771057168545696,0.024268410618321187,0.0,1.0,0.0,1.0258798599243164
en,LoRA_NAR,en_krishna_011,138.77734991205466,132.3539363719207,590.6857617944623,694.5503522983996,0.03087578463545893,0.03130846752416864,0.0,1.0,0.0,1.5260525941848755
en,LoRA_NAR,en_krishna_012,130.72527455643637,149.0816706651349,554.8022198642471,709.4932492791977,0.031667220879889796,0.02616808559958017,0.0,1.0,0.0,1.0208691358566284
en,LoRA_NAR,en_krishna_013,135.92602728937882,142.69186493624335,733.6896717617335,720.9248644991909,0.04629819660136757,0.01920687046103792,0.0,1.0,0.0,1.4728496074676514
en,LoRA_NAR,en_krishna_014,131.88086512157534,121.22801923520481,534.089301944979,585.909718164226,0.032849087420324774,0.02699739291820831,1.0,0.0,0.0,1.026530146598816
en,LoRA_NAR,en_krishna_015,133.4974875585699,166.83706403749508,517.1443048860646,580.2450024581268,0.034892013214846224,0.03573569197406122,1.0,1.0,1.0,1.0301119089126587
en,LoRA_NAR,en_krishna_016,131.06090289794963,133.1749908432391,578.7873567399972,690.2673672332437,0.02969153330661871,0.03438888583939278,1.0,1.0,1.0,1.0223057270050049
en,LoRA_NAR,en_krishna_017,127.66963634384093,144.83965634303578,563.0141436379303,591.9930812072365,0.026450492160987625,0.01706092577043694,0.0,1.0,0.0,1.0463879108428955
en,LoRA_NAR,en_krishna_018,126.77136430855755,131.1057820114732,591.0439451989179,664.4398051148197,0.039635315266162256,0.027292876596140613,0.0,1.0,0.0,1.0258409976959229
en,LoRA_NAR,en_krishna_019,124.56631568483371,145.2256102893682,676.3938146771492,760.6382038397948,0.027760033024176,0.027539687629774084,1.0,1.0,1.0,1.0208945274353027
en,LoRA_NAR,en_krishna_020,124.65072428036801,147.13815189043046,668.446851647775,644.5328344775105,0.034877344613002445,0.0236523826317683,1.0,1.0,1.0,1.0261211395263672
en,LoRA_NAR,en_krishna_021,127.62356554522522,160.3781087911337,525.3005510705012,480.48189262524374,0.028858688178491257,0.030507991198164122,0.0,1.0,0.0,1.0445163249969482
en,LoRA_NAR,en_krishna_022,130.26684289883752,138.27498585899374,561.9989003504437,773.4017383529214,0.02028415693397087,0.030382437547564835,0.0,1.0,0.0,1.018511414527893
en,LoRA_NAR,en_krishna_023,122.46771640246666,135.68030413148387,585.4415989749198,540.3072940751633,0.038659986618804425,0.01939093340114417,0.0,1.0,0.0,1.0253900289535522
en,LoRA_NAR,en_krishna_024,126.73916531316915,139.7595277798511,606.4331891390533,655.1496769808765,0.04464785362254975,0.02264815300457547,1.0,1.0,1.0,1.0399190187454224
en,LoRA_NAR,en_krishna_025,127.72101399181373,148.83106707259208,654.4608259675626,907.056792198041,0.03935695215975593,0.02758794408968269,0.0,1.0,0.0,1.0193934440612793
en,LoRA_NAR,en_krishna_026,134.6788156753646,145.12662036159395,647.3150829600278,609.8909608824068,0.02830925199914828,0.031106684250797975,0.0,1.0,0.0,1.021384358406067
en,LoRA_NAR,en_krishna_027,134.49494536513052,144.59144247855542,673.1184216639158,661.4360192209161,0.024051932789473766,0.02606108685008467,0.0,1.0,0.0,1.0266048908233643
en,LoRA_NAR,en_krishna_028,132.14722190550395,140.29554272036353,762.4887246621686,795.9657246527378,0.03763450353334598,0.02662522700458864,0.0,1.0,0.0,1.0501114130020142
en,LoRA_NAR,en_krishna_029,127.45942215240579,129.6079862115521,587.5807312089328,746.987807502731,0.03295912320488338,0.02281288605580869,0.0,1.0,0.0,1.06039559841156
en,LoRA_NAR,en_krishna_030,132.9562396395693,,662.2239654561118,1038.4461798919558,0.0415920739183034,0.05959910539660257,1.0,1.0,1.0,1.0492476224899292
en,LoRA_NAR,en_krishna_031,133.96332586662623,127.21732353020678,669.3763432760961,709.821193080898,0.0336626148308788,0.048331777760674564,0.0,1.0,0.0,1.6470266580581665
en,LoRA_NAR,en_krishna_032,138.59160728101224,139.57886111721132,616.4879905219311,585.2914159316182,0.035918093720577554,0.03349024017664133,1.0,1.0,1.0,1.0219218730926514
en,LoRA_NAR,en_krishna_033,138.50659602154676,144.0102872432457,571.9853651673386,561.0814724733407,0.024948563635908253,0.0250445072088766,0.0,1.0,0.0,1.5548845529556274
en,LoRA_NAR,en_krishna_034,133.36969579966512,151.93820835856712,1141.1512237786876,764.5035790385624,0.03587333842692235,0.02513043728145781,0.0,1.0,0.0,1.0179316997528076
en,LoRA_NAR,en_krishna_035,137.15859044478975,133.17851841620785,774.5346749631992,618.5247626608776,0.03294478647341841,0.05713711628511035,0.0,1.0,0.0,1.0267452001571655
en,LoRA_NAR,en_krishna_036,132.23840329064512,141.00542752243845,778.4516527981542,822.9844333543783,0.0527078653315069,0.027149331646806014,0.0,1.0,0.0,1.0742478370666504
en,LoRA_NAR,en_krishna_037,124.67919853028451,133.3979201615965,861.6562236739366,717.238049671866,0.062462309570579695,0.02427840094902864,1.0,1.0,1.0,1.0223736763000488
en,LoRA_NAR,en_krishna_038,124.07691496447836,132.53465805268752,624.0220465734787,667.9480560010936,0.04642587947599932,0.028952945379753802,0.0,1.0,0.0,1.3135509490966797
en,LoRA_NAR,en_krishna_039,130.31837311698436,132.1866331600456,616.7973165348454,644.8192397237772,0.038410309305472186,0.024694014906684124,0.0,1.0,0.0,1.0182640552520752
en,LoRA_NAR,en_krishna_040,135.00983675869415,152.9872774498496,557.267382504233,631.8372163766564,0.039701446859989505,0.02785344000100317,1.0,1.0,1.0,1.0199859142303467
en,LoRA_NAR,en_krishna_041,131.9208090707028,153.5066612716945,776.8932559076018,707.2472443378753,0.05130005593873884,0.025782655257306945,0.0,1.0,0.0,1.138983130455017
en,LoRA_NAR,en_krishna_042,132.51151542514575,125.5914994024836,599.3437607589551,659.9673244240471,0.036594898772046185,0.025317669949037575,0.0,1.0,0.0,1.0893573760986328
en,LoRA_NAR,en_krishna_043,132.71575035654206,78.74345229672615,660.5955387634457,976.8234057405089,0.04027921424171838,,0.0,0.0,0.0,1.0529327392578125
en,LoRA_NAR,en_krishna_044,136.25536343241262,140.1764598140736,624.7622009263026,664.2840399928773,0.03752949602316327,0.026311710885977713,0.0,1.0,0.0,1.032389760017395
en,LoRA_NAR,en_krishna_045,121.79650115985095,148.46638141272575,696.3726157377897,714.7523457684982,0.04093924516795834,0.026250941812579524,0.0,1.0,0.0,1.0200761556625366
en,LoRA_NAR,en_krishna_046,141.32113264681237,158.52466187106194,658.7278686515164,404.52479611170514,0.029443446498932452,0.025230261881201876,0.0,1.0,0.0,1.4954129457473755
en,LoRA_NAR,en_krishna_048,135.45275222193527,162.13105976624092,633.8215263825423,605.0653154397748,0.039205182614552164,0.028374489697274814,0.0,1.0,0.0,1.0500519275665283
en,LoRA_NAR,en_krishna_049,139.0517643919016,,691.8809323580577,733.7175967696987,0.03976701566534456,,1.0,1.0,1.0,1.0539518594741821
en,LoRA_NAR,en_krishna_050,134.68443401533375,120.25287677734406,657.9626334772249,834.2221275166439,0.039746769008902984,0.022657334565106577,1.0,1.0,1.0,1.0357179641723633
en,LoRA_NAR,en_krishna_051,140.2515713699332,148.8953645046393,686.2626858649539,808.9515451958969,0.03222323661904925,0.030908185646262628,0.0,1.0,0.0,1.0278946161270142
en,LoRA_NAR,en_krishna_052,144.61149669738347,131.6970521510534,500.8285141477925,637.6875412004256,0.037036195862893175,0.029623862469285073,0.0,1.0,0.0,1.0236260890960693
en,LoRA_NAR,en_krishna_053,146.9846358401178,102.6741298878694,619.5033067155099,697.6434842873086,0.032524885072472594,0.0585571612802789,1.0,1.0,1.0,1.0509098768234253
en,LoRA_NAR,en_krishna_054,134.8096220488041,157.35837659498608,697.312611055947,535.4184064263626,0.04299416636510959,0.028639163633969334,1.0,1.0,1.0,1.5504794120788574
en,LoRA_NAR,en_krishna_055,142.02203965089342,153.88134203113862,602.6405208040361,704.549571230916,0.04071330316703691,0.028409393038304493,1.0,1.0,1.0,1.0159010887145996
en,LoRA_NAR,en_krishna_056,134.7246472362219,149.9870761903768,630.9106091054672,771.9944472804801,0.03378778108125299,0.03460144735321735,0.0,1.0,0.0,1.0218178033828735
en,LoRA_NAR,en_krishna_057,140.51098167415236,129.92928643037516,559.1269591985061,582.1830119685551,0.026582449563058427,0.029051795993254314,0.0,0.0,0.0,1.1696147918701172
en,LoRA_NAR,en_krishna_058,131.55119531259086,138.3163936830984,572.0385360107183,666.3585948739573,0.036444050623498855,0.03527072102217825,0.0,1.0,0.0,1.036010503768921
en,LoRA_NAR,en_krishna_059,144.29459751942048,132.47911371277698,712.6804018822828,642.7459943115855,0.03735811667359938,0.028712662560783718,1.0,1.0,1.0,1.0224826335906982
en,LoRA_NAR,en_krishna_060,138.95521964835035,138.75339143181057,622.0620578216613,773.4273681472936,0.03093698526483132,0.03279987667239534,1.0,0.0,0.0,1.0584056377410889
en,LoRA_NAR,en_krishna_061,133.819791157994,141.26573080535593,672.0317796319317,715.1017710790413,0.035173249216197196,0.034816426852957126,0.0,1.0,0.0,1.0851482152938843
en,LoRA_NAR,en_krishna_062,125.07888644265714,164.34787346134283,668.2780906355629,804.8164833579265,0.028845430527349798,0.02529593042293112,0.0,1.0,0.0,1.0218541622161865
en,LoRA_NAR,en_krishna_063,138.36852239159083,,623.6300462767051,680.3155759981222,0.03763183429601761,,0.0,1.0,0.0,1.0505329370498657
en,LoRA_NAR,en_krishna_064,138.10395920063613,133.8406543446321,562.2520461080629,731.4876467532695,0.03394944522748332,0.032347329255472915,0.0,1.0,0.0,1.0313069820404053
en,LoRA_NAR,en_krishna_065,138.21707487713223,,527.8181149495841,1037.16935579644,0.02938915927757411,,0.0,1.0,0.0,1.0414454936981201
en,LoRA_NAR,en_krishna_066,146.87799243305253,130.67235353834727,705.5127158149584,699.0635658821557,0.046274903231019626,0.025255013819049564,0.0,1.0,0.0,1.2014031410217285
en,LoRA_NAR,en_krishna_067,145.2737233511015,121.9162625942996,602.6907525177986,561.5569838062978,0.035198271654619605,0.0496140283954065,0.0,1.0,0.0,1.2524217367172241
en,LoRA_NAR,en_krishna_068,141.12564447884284,148.60747094253088,593.1817056710864,721.582627488856,0.038026493177691786,0.026265416418164756,0.0,1.0,0.0,1.0366641283035278
en,LoRA_NAR,en_krishna_069,135.3428474743683,113.00642185556663,659.445722308051,1144.2670857865892,0.04006276955217299,0.09932038297337324,1.0,0.0,0.0,1.3210502862930298
en,LoRA_NAR,en_krishna_070,139.87125052650597,144.56446739847064,611.9982276473947,608.443370318169,0.03369311183391103,0.027224878737932452,0.0,1.0,0.0,1.1291472911834717
en,LoRA_NAR,en_krishna_071,143.44434849409836,151.48946136082924,597.0154062243,616.509018745667,0.03171282951460631,0.036372916500555366,0.0,0.0,0.0,1.0229235887527466
en,LoRA_NAR,en_krishna_072,136.56401573139655,136.64742184368998,594.8695147502186,597.2707984499588,0.02536258658196449,0.027464406521238383,0.0,1.0,0.0,1.032095193862915
en,LoRA_NAR,en_krishna_073,132.8803681930277,128.81654171997536,509.20908677466497,562.5542927162267,0.025886679823719047,0.045371261621922516,1.0,1.0,1.0,1.0221858024597168
en,LoRA_NAR,en_krishna_074,134.36624315513822,142.89156437655632,673.1309997167973,693.313880483324,0.041565833152670185,0.02368895014820502,0.0,1.0,0.0,1.0818933248519897
en,LoRA_NAR,en_krishna_076,122.5342551535309,159.65807043243382,679.8763382640881,783.33032347294,0.03988697672402855,0.02754102570653302,1.0,1.0,1.0,1.0200804471969604
en,LoRA_NAR,en_krishna_077,136.01330094813255,103.19253601421157,634.6876413214267,790.1859886037234,0.03560857281126064,,1.0,1.0,1.0,1.0484583377838135
en,LoRA_NAR,en_krishna_078,131.38707189625893,144.46545804317046,560.812796310599,461.44023097533335,0.033116970891297524,0.03617647734047114,0.0,1.0,0.0,1.7346559762954712
en,LoRA_NAR,en_krishna_079,141.57013307394985,158.07572877366346,604.3700324001329,764.7254238665987,0.02444533902055208,0.023018515404315543,0.0,1.0,0.0,1.0192116498947144
en,LoRA_NAR,en_krishna_081,132.4800456151126,151.79753896257458,660.0285836100214,741.7637550840552,0.02406583380413767,0.02441372543709852,0.0,1.0,0.0,1.019697904586792
en,LoRA_NAR,en_krishna_082,134.88553700956865,,593.3360784433901,653.7977842757678,0.03709399737583852,,1.0,0.0,0.0,1.0538543462753296
en,LoRA_NAR,en_krishna_083,133.9887298928844,124.51169894069668,528.8858788723805,732.6873149924237,0.025889758143222225,0.017510230708527676,1.0,1.0,1.0,1.153469204902649
en,LoRA_NAR,en_krishna_084,139.27609593734044,89.49557439189626,539.4780770555095,882.7878569358509,0.03584074728781797,0.13340748412113917,1.0,0.0,0.0,1.0497933626174927
en,LoRA_NAR,en_krishna_085,139.06340652549662,127.55255687719261,573.6529398649013,672.2452246218319,0.038366897167208404,0.034674789663914185,1.0,1.0,1.0,1.021687388420105
en,LoRA_NAR,en_krishna_086,129.83581339245424,156.4742316658491,587.6191793539817,600.4952130983812,0.039859259487321476,0.034079765812819365,0.0,0.0,0.0,1.0242106914520264
en,LoRA_NAR,en_krishna_087,124.24852730492263,139.6957608117999,642.4887376852673,714.4999177710183,0.03574115315285091,0.022351283615716273,0.0,1.0,0.0,1.028063178062439
en,LoRA_NAR,en_krishna_088,128.91623710593709,140.3794945394928,566.1572604683124,750.7308108921803,0.0333365569592166,0.030999510787888644,0.0,1.0,0.0,1.2704612016677856
en,LoRA_NAR,en_krishna_089,131.36283495539647,139.9721022283401,678.6457382112359,720.4893642514759,0.04485387232799003,0.02740374212703038,0.0,1.0,0.0,1.02187180519104
en,LoRA_NAR,en_krishna_090,134.3093585293949,152.75678261327616,566.390941157196,623.0297135154915,0.0357758887069282,0.027175970895687507,0.0,1.0,0.0,1.028877854347229
en,LoRA_NAR,en_krishna_091,141.32268715347928,140.32610451751557,521.1346547235777,592.9680356576758,0.0416011171294455,0.03454286504296107,0.0,1.0,0.0,1.0213111639022827
en,LoRA_NAR,en_krishna_092,142.11123984357874,143.95559743976233,561.9994836717484,590.0974241273348,0.0389115254413316,0.025951726876080147,0.0,1.0,0.0,1.031710147857666
en,LoRA_NAR,en_krishna_093,132.1135749702822,125.73235164985958,512.5497094094936,450.8544925222416,0.0300663977226798,0.0474515181946131,0.0,1.0,0.0,1.558105230331421
en,LoRA_NAR,en_krishna_094,133.50704292173506,150.63457042484796,539.4015445983778,712.419966687787,0.029924678904589934,0.027808231259507536,0.0,1.0,0.0,1.0909229516983032
en,LoRA_NAR,en_krishna_095,133.7746110310132,129.92178440671722,512.7195802528703,702.5024754972143,0.03533297965817017,0.022475140581621103,0.0,1.0,0.0,1.0384199619293213
en,LoRA_NAR,en_krishna_096,127.67594132090079,148.810664894324,552.279461981822,878.5229145180336,0.03056498691890327,0.021399027890813285,1.0,1.0,1.0,1.021977186203003
en,LoRA_NAR,en_krishna_097,132.59091224317615,112.85530721781303,481.36662892591096,736.0612492946885,0.03615414773340959,,1.0,0.0,0.0,1.0475229024887085
en,LoRA_NAR,en_krishna_098,129.26647975731456,144.81035905400822,537.4970028554991,769.3485770738122,0.03535990792866624,0.022988196758089895,0.0,0.0,0.0,1.0489418506622314
en,LoRA_NAR,en_krishna_099,132.7992151979423,129.21802888738674,622.4913719440193,655.4770316660205,0.04306240145044284,0.03354141674672253,1.0,0.0,0.0,1.0670431852340698
